22625 Electrical Power Products.pdf,\\atlas2\E\public1\Sales Information\Job Notifications\Job Notification Forms\2022    22625 -\22625 Electrical Power Products.pdf
22633 Electrical Power Products.pdf,\\atlas2\E\public1\Sales Information\Job Notifications\Job Notification Forms\2022    22625 -\22633 Electrical Power Products.pdf
22635 Florida Power & Light.pdf,\\atlas2\E\public1\Sales Information\Job Notifications\Job Notification Forms\2022    22625 -\22635 Florida Power & Light.pdf
22639 Electrical Power Products.pdf,\\atlas2\E\public1\Sales Information\Job Notifications\Job Notification Forms\2022    22625 -\22639 Electrical Power Products.pdf
22640 Florida Power & Light.pdf,\\atlas2\E\public1\Sales Information\Job Notifications\Job Notification Forms\2022    22625 -\22640 Florida Power & Light.pdf
22641 Florida Power & Light.pdf,\\atlas2\E\public1\Sales Information\Job Notifications\Job Notification Forms\2022    22625 -\22641 Florida Power & Light.pdf
22654 Electrical Power Products.pdf,\\atlas2\E\public1\Sales Information\Job Notifications\Job Notification Forms\2022    22625 -\22654 Electrical Power Products.pdf
22655 Electrical Power Products.pdf,\\atlas2\E\public1\Sales Information\Job Notifications\Job Notification Forms\2022    22625 -\22655 Electrical Power Products.pdf
22656 Electrical Power Products.pdf,\\atlas2\E\public1\Sales Information\Job Notifications\Job Notification Forms\2022    22625 -\22656 Electrical Power Products.pdf
22657 Electrical Power Products.pdf,\\atlas2\E\public1\Sales Information\Job Notifications\Job Notification Forms\2022    22625 -\22657 Electrical Power Products.pdf
22658 Electrical Power Products.pdf,\\atlas2\E\public1\Sales Information\Job Notifications\Job Notification Forms\2022    22625 -\22658 Electrical Power Products.pdf
22661 Florida Power & Light.pdf,\\atlas2\E\public1\Sales Information\Job Notifications\Job Notification Forms\2022    22625 -\22661 Florida Power & Light.pdf
22662 Florida Power & Light.pdf,\\atlas2\E\public1\Sales Information\Job Notifications\Job Notification Forms\2022    22625 -\22662 Florida Power & Light.pdf
22663 Florida Power & Light.pdf,\\atlas2\E\public1\Sales Information\Job Notifications\Job Notification Forms\2022    22625 -\22663 Florida Power & Light.pdf
22673 Florida Power & Light.pdf,\\atlas2\E\public1\Sales Information\Job Notifications\Job Notification Forms\2022    22625 -\22673 Florida Power & Light.pdf
22677 Florida Power & Light.pdf,\\atlas2\E\public1\Sales Information\Job Notifications\Job Notification Forms\2022    22625 -\22677 Florida Power & Light.pdf
22686 Florida Power & Light.pdf,\\atlas2\E\public1\Sales Information\Job Notifications\Job Notification Forms\2022    22625 -\22686 Florida Power & Light.pdf
22688 Electrical Power Products.pdf,\\atlas2\E\public1\Sales Information\Job Notifications\Job Notification Forms\2022    22625 -\22688 Electrical Power Products.pdf
22689 Electrical Power Products.pdf,\\atlas2\E\public1\Sales Information\Job Notifications\Job Notification Forms\2022    22625 -\22689 Electrical Power Products.pdf
22689 R1 Electrical Power Products.pdf,\\atlas2\E\public1\Sales Information\Job Notifications\Job Notification Forms\2022    22625 -\22689 R1 Electrical Power Products.pdf
22691 KEMCO Industries.pdf,\\atlas2\E\public1\Sales Information\Job Notifications\Job Notification Forms\2022    22625 -\22691 KEMCO Industries.pdf
22713 Florida Power & Light.pdf,\\atlas2\E\public1\Sales Information\Job Notifications\Job Notification Forms\2022    22625 -\22713 Florida Power & Light.pdf
22714 Electrical Power Products.pdf,\\atlas2\E\public1\Sales Information\Job Notifications\Job Notification Forms\2022    22625 -\22714 Electrical Power Products.pdf
22714 R1 Electrical Power Products.pdf,\\atlas2\E\public1\Sales Information\Job Notifications\Job Notification Forms\2022    22625 -\22714 R1 Electrical Power Products.pdf
22720 Electrical Power Products.pdf,\\atlas2\E\public1\Sales Information\Job Notifications\Job Notification Forms\2022    22625 -\22720 Electrical Power Products.pdf
22727 Florida Power & Light.pdf,\\atlas2\E\public1\Sales Information\Job Notifications\Job Notification Forms\2022    22625 -\22727 Florida Power & Light.pdf
22732 Florida Power & Light.pdf,\\atlas2\E\public1\Sales Information\Job Notifications\Job Notification Forms\2022    22625 -\22732 Florida Power & Light.pdf
22739 KEMCO Industries.pdf,\\atlas2\E\public1\Sales Information\Job Notifications\Job Notification Forms\2022    22625 -\22739 KEMCO Industries.pdf
22769 Florida Power & Light.pdf,\\atlas2\E\public1\Sales Information\Job Notifications\Job Notification Forms\2022    22625 -\22769 Florida Power & Light.pdf
22769 R1 Florida Power & Light.pdf,\\atlas2\E\public1\Sales Information\Job Notifications\Job Notification Forms\2022    22625 -\22769 R1 Florida Power & Light.pdf
22773 Florida Power & Light.pdf,\\atlas2\E\public1\Sales Information\Job Notifications\Job Notification Forms\2022    22625 -\22773 Florida Power & Light.pdf
22774 Florida Power & Light.pdf,\\atlas2\E\public1\Sales Information\Job Notifications\Job Notification Forms\2022    22625 -\22774 Florida Power & Light.pdf
22775 Florida Power & Light.pdf,\\atlas2\E\public1\Sales Information\Job Notifications\Job Notification Forms\2022    22625 -\22775 Florida Power & Light.pdf
22780 Florida Power & Light.pdf,\\atlas2\E\public1\Sales Information\Job Notifications\Job Notification Forms\2022    22625 -\22780 Florida Power & Light.pdf
22781 Florida Power & Light.pdf,\\atlas2\E\public1\Sales Information\Job Notifications\Job Notification Forms\2022    22625 -\22781 Florida Power & Light.pdf
22782 Florida Power & Light.pdf,\\atlas2\E\public1\Sales Information\Job Notifications\Job Notification Forms\2022    22625 -\22782 Florida Power & Light.pdf
22783 Florida Power & Light.pdf,\\atlas2\E\public1\Sales Information\Job Notifications\Job Notification Forms\2022    22625 -\22783 Florida Power & Light.pdf
22784 Florida Power & Light.pdf,\\atlas2\E\public1\Sales Information\Job Notifications\Job Notification Forms\2022    22625 -\22784 Florida Power & Light.pdf
22785 Florida Power & Light.pdf,\\atlas2\E\public1\Sales Information\Job Notifications\Job Notification Forms\2022    22625 -\22785 Florida Power & Light.pdf
22808 Florida Power & Light.pdf,\\atlas2\E\public1\Sales Information\Job Notifications\Job Notification Forms\2022    22625 -\22808 Florida Power & Light.pdf
22809 Florida Power & Light.pdf,\\atlas2\E\public1\Sales Information\Job Notifications\Job Notification Forms\2022    22625 -\22809 Florida Power & Light.pdf
22824 Florida Power & Light.pdf,\\atlas2\E\public1\Sales Information\Job Notifications\Job Notification Forms\2022    22625 -\22824 Florida Power & Light.pdf
22830 Electrical Power Products.pdf,\\atlas2\E\public1\Sales Information\Job Notifications\Job Notification Forms\2022    22625 -\22830 Electrical Power Products.pdf
22831 Electrical Power Products.pdf,\\atlas2\E\public1\Sales Information\Job Notifications\Job Notification Forms\2022    22625 -\22831 Electrical Power Products.pdf
22833 Florida Power & Light.pdf,\\atlas2\E\public1\Sales Information\Job Notifications\Job Notification Forms\2022    22625 -\22833 Florida Power & Light.pdf
22840 Birmingham Control Systems.pdf,\\atlas2\E\public1\Sales Information\Job Notifications\Job Notification Forms\2022    22625 -\22840 Birmingham Control Systems.pdf
22840 R1 Birmingham Control Systems.pdf,\\atlas2\E\public1\Sales Information\Job Notifications\Job Notification Forms\2022    22625 -\22840 R1 Birmingham Control Systems.pdf
22846 Electrical Power Products.pdf,\\atlas2\E\public1\Sales Information\Job Notifications\Job Notification Forms\2022    22625 -\22846 Electrical Power Products.pdf
22862 Electrical Power Products.pdf,\\atlas2\E\public1\Sales Information\Job Notifications\Job Notification Forms\2022    22625 -\22862 Electrical Power Products.pdf
22863 Florida Power & Light.pdf,\\atlas2\E\public1\Sales Information\Job Notifications\Job Notification Forms\2022    22625 -\22863 Florida Power & Light.pdf
22867 Florida Power & Light.pdf,\\atlas2\E\public1\Sales Information\Job Notifications\Job Notification Forms\2022    22625 -\22867 Florida Power & Light.pdf
22874 Florida Power & Light.pdf,\\atlas2\E\public1\Sales Information\Job Notifications\Job Notification Forms\2022    22625 -\22874 Florida Power & Light.pdf
22875 Florida Power & Light.pdf,\\atlas2\E\public1\Sales Information\Job Notifications\Job Notification Forms\2022    22625 -\22875 Florida Power & Light.pdf
22876 Florida Power & Light.pdf,\\atlas2\E\public1\Sales Information\Job Notifications\Job Notification Forms\2022    22625 -\22876 Florida Power & Light.pdf
22877 Florida Power & Light.pdf,\\atlas2\E\public1\Sales Information\Job Notifications\Job Notification Forms\2022    22625 -\22877 Florida Power & Light.pdf
22878 Florida Power & Light.pdf,\\atlas2\E\public1\Sales Information\Job Notifications\Job Notification Forms\2022    22625 -\22878 Florida Power & Light.pdf
22879 Florida Power & Light.pdf,\\atlas2\E\public1\Sales Information\Job Notifications\Job Notification Forms\2022    22625 -\22879 Florida Power & Light.pdf
22880 Florida Power & Light.pdf,\\atlas2\E\public1\Sales Information\Job Notifications\Job Notification Forms\2022    22625 -\22880 Florida Power & Light.pdf
22881 Florida Power & Light.pdf,\\atlas2\E\public1\Sales Information\Job Notifications\Job Notification Forms\2022    22625 -\22881 Florida Power & Light.pdf
22889 Florida Power & Light.pdf,\\atlas2\E\public1\Sales Information\Job Notifications\Job Notification Forms\2022    22625 -\22889 Florida Power & Light.pdf
22898 KEMCO Industries.pdf,\\atlas2\E\public1\Sales Information\Job Notifications\Job Notification Forms\2022    22625 -\22898 KEMCO Industries.pdf
22899 KEMCO Industries.pdf,\\atlas2\E\public1\Sales Information\Job Notifications\Job Notification Forms\2022    22625 -\22899 KEMCO Industries.pdf
22915 Electrical Power Products.pdf,\\atlas2\E\public1\Sales Information\Job Notifications\Job Notification Forms\2022    22625 -\22915 Electrical Power Products.pdf
22916 Florida Power & Light.pdf,\\atlas2\E\public1\Sales Information\Job Notifications\Job Notification Forms\2022    22625 -\22916 Florida Power & Light.pdf
22931 Electrical Power Products.pdf,\\atlas2\E\public1\Sales Information\Job Notifications\Job Notification Forms\2022    22625 -\22931 Electrical Power Products.pdf
22943 Florida Power & Light.pdf,\\atlas2\E\public1\Sales Information\Job Notifications\Job Notification Forms\2022    22625 -\22943 Florida Power & Light.pdf
22944 Florida Power & Light.pdf,\\atlas2\E\public1\Sales Information\Job Notifications\Job Notification Forms\2022    22625 -\22944 Florida Power & Light.pdf
22958 Electrical Power Products.pdf,\\atlas2\E\public1\Sales Information\Job Notifications\Job Notification Forms\2022    22625 -\22958 Electrical Power Products.pdf
22960 Florida Power & Light.pdf,\\atlas2\E\public1\Sales Information\Job Notifications\Job Notification Forms\2022    22625 -\22960 Florida Power & Light.pdf
22972 Florida Power & Light.pdf,\\atlas2\E\public1\Sales Information\Job Notifications\Job Notification Forms\2022    22625 -\22972 Florida Power & Light.pdf
22973 Florida Power & Light.pdf,\\atlas2\E\public1\Sales Information\Job Notifications\Job Notification Forms\2022    22625 -\22973 Florida Power & Light.pdf
22981 Florida Power & Light.pdf,\\atlas2\E\public1\Sales Information\Job Notifications\Job Notification Forms\2022    22625 -\22981 Florida Power & Light.pdf
22982 Florida Power & Light.pdf,\\atlas2\E\public1\Sales Information\Job Notifications\Job Notification Forms\2022    22625 -\22982 Florida Power & Light.pdf
22983 Florida Power & Light.pdf,\\atlas2\E\public1\Sales Information\Job Notifications\Job Notification Forms\2022    22625 -\22983 Florida Power & Light.pdf
22983 R1 Florida Power & Light.pdf,\\atlas2\E\public1\Sales Information\Job Notifications\Job Notification Forms\2022    22625 -\22983 R1 Florida Power & Light.pdf
22984 Florida Power & Light.pdf,\\atlas2\E\public1\Sales Information\Job Notifications\Job Notification Forms\2022    22625 -\22984 Florida Power & Light.pdf
22985 Florida Power & Light.pdf,\\atlas2\E\public1\Sales Information\Job Notifications\Job Notification Forms\2022    22625 -\22985 Florida Power & Light.pdf
22986 Florida Power & Light.pdf,\\atlas2\E\public1\Sales Information\Job Notifications\Job Notification Forms\2022    22625 -\22986 Florida Power & Light.pdf
22987 Florida Power & Light.pdf,\\atlas2\E\public1\Sales Information\Job Notifications\Job Notification Forms\2022    22625 -\22987 Florida Power & Light.pdf
22989 Florida Power & Light.pdf,\\atlas2\E\public1\Sales Information\Job Notifications\Job Notification Forms\2022    22625 -\22989 Florida Power & Light.pdf
22993 Florida Power & Light.pdf,\\atlas2\E\public1\Sales Information\Job Notifications\Job Notification Forms\2022    22625 -\22993 Florida Power & Light.pdf
22994 Florida Power & Light.pdf,\\atlas2\E\public1\Sales Information\Job Notifications\Job Notification Forms\2022    22625 -\22994 Florida Power & Light.pdf
22995 Florida Power & Light.pdf,\\atlas2\E\public1\Sales Information\Job Notifications\Job Notification Forms\2022    22625 -\22995 Florida Power & Light.pdf
22996 Florida Power & Light.pdf,\\atlas2\E\public1\Sales Information\Job Notifications\Job Notification Forms\2022    22625 -\22996 Florida Power & Light.pdf
22997 Florida Power & Light.pdf,\\atlas2\E\public1\Sales Information\Job Notifications\Job Notification Forms\2022    22625 -\22997 Florida Power & Light.pdf
23000 Electrical Power Products.pdf,\\atlas2\E\public1\Sales Information\Job Notifications\Job Notification Forms\2022    22625 -\23000 Electrical Power Products.pdf
23001 KEMCO Industries.pdf,\\atlas2\E\public1\Sales Information\Job Notifications\Job Notification Forms\2022    22625 -\23001 KEMCO Industries.pdf
23003 Florida Power & Light.pdf,\\atlas2\E\public1\Sales Information\Job Notifications\Job Notification Forms\2022    22625 -\23003 Florida Power & Light.pdf
23003 R1 Florida Power & Light.pdf,\\atlas2\E\public1\Sales Information\Job Notifications\Job Notification Forms\2022    22625 -\23003 R1 Florida Power & Light.pdf
23004 Florida Power & Light.pdf,\\atlas2\E\public1\Sales Information\Job Notifications\Job Notification Forms\2022    22625 -\23004 Florida Power & Light.pdf
23011 Electrical Power Products.pdf,\\atlas2\E\public1\Sales Information\Job Notifications\Job Notification Forms\2022    22625 -\23011 Electrical Power Products.pdf
23018 KEMCO Industries.pdf,\\atlas2\E\public1\Sales Information\Job Notifications\Job Notification Forms\2022    22625 -\23018 KEMCO Industries.pdf
23039 Electrical Power Products.pdf,\\atlas2\E\public1\Sales Information\Job Notifications\Job Notification Forms\2022    22625 -\23039 Electrical Power Products.pdf
23047 Florida Power & Light.pdf,\\atlas2\E\public1\Sales Information\Job Notifications\Job Notification Forms\2022    22625 -\23047 Florida Power & Light.pdf
23049 KEMCO Industries.pdf,\\atlas2\E\public1\Sales Information\Job Notifications\Job Notification Forms\2022    22625 -\23049 KEMCO Industries.pdf
23052 KEMCO Industries.pdf,\\atlas2\E\public1\Sales Information\Job Notifications\Job Notification Forms\2022    22625 -\23052 KEMCO Industries.pdf
23064 Florida Power & Light.pdf,\\atlas2\E\public1\Sales Information\Job Notifications\Job Notification Forms\2022    22625 -\23064 Florida Power & Light.pdf
23083 Electrical Power Products.pdf,\\atlas2\E\public1\Sales Information\Job Notifications\Job Notification Forms\2022    22625 -\23083 Electrical Power Products.pdf
23084 Electrical Power Products.pdf,\\atlas2\E\public1\Sales Information\Job Notifications\Job Notification Forms\2022    22625 -\23084 Electrical Power Products.pdf
23100 Electrical Power Products.pdf,\\atlas2\E\public1\Sales Information\Job Notifications\Job Notification Forms\2022    22625 -\23100 Electrical Power Products.pdf
23109  Electrical Power Products.pdf,\\atlas2\E\public1\Sales Information\Job Notifications\Job Notification Forms\2022    22625 -\23109  Electrical Power Products.pdf
23121 Electrical Power Products.pdf,\\atlas2\E\public1\Sales Information\Job Notifications\Job Notification Forms\2022    22625 -\23121 Electrical Power Products.pdf
23126 Electrical Power Products.pdf,\\atlas2\E\public1\Sales Information\Job Notifications\Job Notification Forms\2022    22625 -\23126 Electrical Power Products.pdf
23127 Florida Power & Light.pdf,\\atlas2\E\public1\Sales Information\Job Notifications\Job Notification Forms\2022    22625 -\23127 Florida Power & Light.pdf
23131 Florida Power & Light.pdf,\\atlas2\E\public1\Sales Information\Job Notifications\Job Notification Forms\2022    22625 -\23131 Florida Power & Light.pdf
23132 Florida Power & Light.pdf,\\atlas2\E\public1\Sales Information\Job Notifications\Job Notification Forms\2022    22625 -\23132 Florida Power & Light.pdf
23133 Florida Power & Light.pdf,\\atlas2\E\public1\Sales Information\Job Notifications\Job Notification Forms\2022    22625 -\23133 Florida Power & Light.pdf
23134 Electrical Power Products.pdf,\\atlas2\E\public1\Sales Information\Job Notifications\Job Notification Forms\2022    22625 -\23134 Electrical Power Products.pdf
23138 Electrical Power Products.pdf,\\atlas2\E\public1\Sales Information\Job Notifications\Job Notification Forms\2022    22625 -\23138 Electrical Power Products.pdf
23169 Electrical Power Products.pdf,\\atlas2\E\public1\Sales Information\Job Notifications\Job Notification Forms\2022    22625 -\23169 Electrical Power Products.pdf
23172 Florida Power & Light.pdf,\\atlas2\E\public1\Sales Information\Job Notifications\Job Notification Forms\2022    22625 -\23172 Florida Power & Light.pdf
23177 Electrical Power Products.pdf,\\atlas2\E\public1\Sales Information\Job Notifications\Job Notification Forms\2022    22625 -\23177 Electrical Power Products.pdf
23187 Florida Power & Light.pdf,\\atlas2\E\public1\Sales Information\Job Notifications\Job Notification Forms\2022    22625 -\23187 Florida Power & Light.pdf
23190 Electrical Power Products.pdf,\\atlas2\E\public1\Sales Information\Job Notifications\Job Notification Forms\2022    22625 -\23190 Electrical Power Products.pdf
23196 Electrical Power Products.pdf,\\atlas2\E\public1\Sales Information\Job Notifications\Job Notification Forms\2022    22625 -\23196 Electrical Power Products.pdf
23202 KEMCO Industries.pdf,\\atlas2\E\public1\Sales Information\Job Notifications\Job Notification Forms\2022    22625 -\23202 KEMCO Industries.pdf
23203 Electrical Power Products.pdf,\\atlas2\E\public1\Sales Information\Job Notifications\Job Notification Forms\2022    22625 -\23203 Electrical Power Products.pdf
23205 Florida Power & Light.pdf,\\atlas2\E\public1\Sales Information\Job Notifications\Job Notification Forms\2022    22625 -\23205 Florida Power & Light.pdf
23210 Electrical Power Products.pdf,\\atlas2\E\public1\Sales Information\Job Notifications\Job Notification Forms\2022    22625 -\23210 Electrical Power Products.pdf
23216 KEMCO Industries.pdf,\\atlas2\E\public1\Sales Information\Job Notifications\Job Notification Forms\2022    22625 -\23216 KEMCO Industries.pdf
23217 KEMCO Industries.pdf,\\atlas2\E\public1\Sales Information\Job Notifications\Job Notification Forms\2022    22625 -\23217 KEMCO Industries.pdf
23218 Electrical Power Products.pdf,\\atlas2\E\public1\Sales Information\Job Notifications\Job Notification Forms\2022    22625 -\23218 Electrical Power Products.pdf
23220 KEMCO Industries.pdf,\\atlas2\E\public1\Sales Information\Job Notifications\Job Notification Forms\2022    22625 -\23220 KEMCO Industries.pdf
23221 KEMCO Industries.pdf,\\atlas2\E\public1\Sales Information\Job Notifications\Job Notification Forms\2022    22625 -\23221 KEMCO Industries.pdf
23222 KEMCO Industries.pdf,\\atlas2\E\public1\Sales Information\Job Notifications\Job Notification Forms\2022    22625 -\23222 KEMCO Industries.pdf
23224 Florida Power & Light.pdf,\\atlas2\E\public1\Sales Information\Job Notifications\Job Notification Forms\2022    22625 -\23224 Florida Power & Light.pdf
23225 Florida Power & Light.pdf,\\atlas2\E\public1\Sales Information\Job Notifications\Job Notification Forms\2022    22625 -\23225 Florida Power & Light.pdf
23226 KEMCO Industries.pdf,\\atlas2\E\public1\Sales Information\Job Notifications\Job Notification Forms\2022    22625 -\23226 KEMCO Industries.pdf
23227 Florida Power & Light.pdf,\\atlas2\E\public1\Sales Information\Job Notifications\Job Notification Forms\2022    22625 -\23227 Florida Power & Light.pdf
23247 Florida Power & Light.pdf,\\atlas2\E\public1\Sales Information\Job Notifications\Job Notification Forms\2022    22625 -\23247 Florida Power & Light.pdf
23311 Electrical Power Products.pdf,\\atlas2\E\public1\Sales Information\Job Notifications\Job Notification Forms\2022    22625 -\23311 Electrical Power Products.pdf
23244 Florida Power & Light.pdf,\\atlas2\E\public1\Sales Information\Job Notifications\Job Notification Forms\2022    22625 -\23244 Florida Power & Light.pdf
23276 Electrical Power Products.pdf,\\atlas2\E\public1\Sales Information\Job Notifications\Job Notification Forms\2022    22625 -\23276 Electrical Power Products.pdf
23255 Florida Power & Light.pdf,\\atlas2\E\public1\Sales Information\Job Notifications\Job Notification Forms\2022    22625 -\23255 Florida Power & Light.pdf
23271 Electrical Power Products.pdf,\\atlas2\E\public1\Sales Information\Job Notifications\Job Notification Forms\2022    22625 -\23271 Electrical Power Products.pdf
23307 Electrical Power Products.pdf,\\atlas2\E\public1\Sales Information\Job Notifications\Job Notification Forms\2022    22625 -\23307 Electrical Power Products.pdf
23250 Florida Power & Light.pdf,\\atlas2\E\public1\Sales Information\Job Notifications\Job Notification Forms\2022    22625 -\23250 Florida Power & Light.pdf
23253 Florida Power & Light.pdf,\\atlas2\E\public1\Sales Information\Job Notifications\Job Notification Forms\2022    22625 -\23253 Florida Power & Light.pdf
23323 Florida Power & Light.pdf,\\atlas2\E\public1\Sales Information\Job Notifications\Job Notification Forms\2022    22625 -\23323 Florida Power & Light.pdf
23324 Florida Power & Light.pdf,\\atlas2\E\public1\Sales Information\Job Notifications\Job Notification Forms\2022    22625 -\23324 Florida Power & Light.pdf
23321 Florida Power & Light.pdf,\\atlas2\E\public1\Sales Information\Job Notifications\Job Notification Forms\2022    22625 -\23321 Florida Power & Light.pdf
23326 Electrical Power Products.pdf,\\atlas2\E\public1\Sales Information\Job Notifications\Job Notification Forms\2022    22625 -\23326 Electrical Power Products.pdf
23325 Florida Power & Light.pdf,\\atlas2\E\public1\Sales Information\Job Notifications\Job Notification Forms\2022    22625 -\23325 Florida Power & Light.pdf
23322 Florida Power & Light.pdf,\\atlas2\E\public1\Sales Information\Job Notifications\Job Notification Forms\2022    22625 -\23322 Florida Power & Light.pdf
23251 Florida Power & Light.pdf,\\atlas2\E\public1\Sales Information\Job Notifications\Job Notification Forms\2022    22625 -\23251 Florida Power & Light.pdf
23333 Florida Power & Light.pdf,\\atlas2\E\public1\Sales Information\Job Notifications\Job Notification Forms\2022    22625 -\23333 Florida Power & Light.pdf
23341 Electrical Power Products.pdf,\\atlas2\E\public1\Sales Information\Job Notifications\Job Notification Forms\2022    22625 -\23341 Electrical Power Products.pdf
23340 Electrical Power Products.pdf,\\atlas2\E\public1\Sales Information\Job Notifications\Job Notification Forms\2022    22625 -\23340 Electrical Power Products.pdf
23339 Florida Power & Light.pdf,\\atlas2\E\public1\Sales Information\Job Notifications\Job Notification Forms\2022    22625 -\23339 Florida Power & Light.pdf
