S-1904,22773,2100597817,4/27/2022,\\atlas2\E\public1\Sales Information\Job Notifications\Job Notification Forms\2022    22625 -\22773 Florida Power & Light.pdf
S-1901,22775,2100597842,4/27/2022,\\atlas2\E\public1\Sales Information\Job Notifications\Job Notification Forms\2022    22625 -\22775 Florida Power & Light.pdf
"S-1888, Regis     SNW Retrofit Adapters and Panel",22780,2100597844,4/27/2022,\\atlas2\E\public1\Sales Information\Job Notifications\Job Notification Forms\2022    22625 -\22780 Florida Power & Light.pdf
S-1935,22781,2100597855,4/27/2022,\\atlas2\E\public1\Sales Information\Job Notifications\Job Notification Forms\2022    22625 -\22781 Florida Power & Light.pdf
S-1923 Solar Site RTU:  Dellwood Solar,22782,2100597857,4/15/2022,\\atlas2\E\public1\Sales Information\Job Notifications\Job Notification Forms\2022    22625 -\22782 Florida Power & Light.pdf
S-1924 Solar Site RTU:  Grady Solar Gulf,22783,2100597861,4/15/2022,\\atlas2\E\public1\Sales Information\Job Notifications\Job Notification Forms\2022    22625 -\22783 Florida Power & Light.pdf
S-1925 Solar Site RTU:  Honeybee Solar Gulf,22784,2100597875,4/15/2022,\\atlas2\E\public1\Sales Information\Job Notifications\Job Notification Forms\2022    22625 -\22784 Florida Power & Light.pdf
S-1926 Solar Site RTU:  Liddie Solar Gulf,22785,2100597878,4/15/2022,\\atlas2\E\public1\Sales Information\Job Notifications\Job Notification Forms\2022    22625 -\22785 Florida Power & Light.pdf
S-1928 Melvin Solar Gulf,22808,2100597890,4/26/2022,\\atlas2\E\public1\Sales Information\Job Notifications\Job Notification Forms\2022    22625 -\22808 Florida Power & Light.pdf
S-1895 Harbor,22809,2100597893,4/26/2022,\\atlas2\E\public1\Sales Information\Job Notifications\Job Notification Forms\2022    22625 -\22809 Florida Power & Light.pdf
S-1900,22874,2100599888,5/10/2022,\\atlas2\E\public1\Sales Information\Job Notifications\Job Notification Forms\2022    22625 -\22874 Florida Power & Light.pdf
"S-1898, Deepcreek     SNW Retrofit Adapters and Panel",22875,2100599883,5/9/2022,\\atlas2\E\public1\Sales Information\Job Notifications\Job Notification Forms\2022    22625 -\22875 Florida Power & Light.pdf
"S-1905, Phillippi     SNW Retrofit Adapters and Panel",22876,2100599889,5/9/2022,\\atlas2\E\public1\Sales Information\Job Notifications\Job Notification Forms\2022    22625 -\22876 Florida Power & Light.pdf
S-1927,22877,2100599890,5/10/2022,\\atlas2\E\public1\Sales Information\Job Notifications\Job Notification Forms\2022    22625 -\22877 Florida Power & Light.pdf
S-1929 Piedmont Solar,22878,2100599891,4/18/2022,\\atlas2\E\public1\Sales Information\Job Notifications\Job Notification Forms\2022    22625 -\22878 Florida Power & Light.pdf
S-1930 Solar Site (Reeves),22879,2100599892,5/11/2022,\\atlas2\E\public1\Sales Information\Job Notifications\Job Notification Forms\2022    22625 -\22879 Florida Power & Light.pdf
S-1931 Rooster Solar,22880,2100599893,4/18/2022,\\atlas2\E\public1\Sales Information\Job Notifications\Job Notification Forms\2022    22625 -\22880 Florida Power & Light.pdf
S-1932 Youngstown Solar Site,22881,2100599894,5/11/2022,\\atlas2\E\public1\Sales Information\Job Notifications\Job Notification Forms\2022    22625 -\22881 Florida Power & Light.pdf
Azalea  IACS Communication Panel,22898,106168,5/16/2022,\\atlas2\E\public1\Sales Information\Job Notifications\Job Notification Forms\2022    22625 -\22898 KEMCO Industries.pdf
S-1897  Putnam,22972,2100602076,5/25/2022,\\atlas2\E\public1\Sales Information\Job Notifications\Job Notification Forms\2022    22625 -\22972 Florida Power & Light.pdf
"S-1913, Acme      SNW Retrofit Adapters and Panel",22973,2100602079,5/25/2022,\\atlas2\E\public1\Sales Information\Job Notifications\Job Notification Forms\2022    22625 -\22973 Florida Power & Light.pdf
S-1899  Raintree,22981,2100602093,5/25/2022,\\atlas2\E\public1\Sales Information\Job Notifications\Job Notification Forms\2022    22625 -\22981 Florida Power & Light.pdf
"S-1885, Deauville",22982,2100602097,4/25/2022,\\atlas2\E\public1\Sales Information\Job Notifications\Job Notification Forms\2022    22625 -\22982 Florida Power & Light.pdf
"S-1934, Treeline",22983,2100602094,4/25/2022,\\atlas2\E\public1\Sales Information\Job Notifications\Job Notification Forms\2022    22625 -\22983 Florida Power & Light.pdf
"S-1934, Treeline",22983,2100602094,4/25/2022,\\atlas2\E\public1\Sales Information\Job Notifications\Job Notification Forms\2022    22625 -\22983 R1 Florida Power & Light.pdf
"S-1916, Port Sewall     SNW Retrofit Adapters and Panel",22984,2100602172,8/26/2022,\\atlas2\E\public1\Sales Information\Job Notifications\Job Notification Forms\2022    22625 -\22984 Florida Power & Light.pdf
"S-1917, Lantana     SNW Retrofit Adapters and Panel",22985,2100602178,5/25/2022,\\atlas2\E\public1\Sales Information\Job Notifications\Job Notification Forms\2022    22625 -\22985 Florida Power & Light.pdf
"S-1919, Homeland     SNW Retrofit Adapters and Panel",22986,2100602190,5/25/2022,\\atlas2\E\public1\Sales Information\Job Notifications\Job Notification Forms\2022    22625 -\22986 Florida Power & Light.pdf
"S-1920, Tartan    SNW Retrofit Adapters and Panel",22987,2100602192,5/25/2022,\\atlas2\E\public1\Sales Information\Job Notifications\Job Notification Forms\2022    22625 -\22987 Florida Power & Light.pdf
S-1937 Solar Site RTU:  Dogwood Solar,22989,2100602193,4/25/2022,\\atlas2\E\public1\Sales Information\Job Notifications\Job Notification Forms\2022    22625 -\22989 Florida Power & Light.pdf
S-1938 Solar Site RTU:  Sambucus Solar,22993,2100602195,4/25/2022,\\atlas2\E\public1\Sales Information\Job Notifications\Job Notification Forms\2022    22625 -\22993 Florida Power & Light.pdf
S-1939 Solar Site RTU:  Thomas Solar,22994,2100602196,4/25/2022,\\atlas2\E\public1\Sales Information\Job Notifications\Job Notification Forms\2022    22625 -\22994 Florida Power & Light.pdf
S-1936 Solar Site RTU:  Wauchula Solar,22995,2100602176,4/25/2022,\\atlas2\E\public1\Sales Information\Job Notifications\Job Notification Forms\2022    22625 -\22995 Florida Power & Light.pdf
S-1933 Solar Site RTU:  Hale,22996,2100602197,5/25/2022,\\atlas2\E\public1\Sales Information\Job Notifications\Job Notification Forms\2022    22625 -\22996 Florida Power & Light.pdf
S-1922 Solar Site RTU:  Lilac Solar,22997,2100602198,5/25/2022,\\atlas2\E\public1\Sales Information\Job Notifications\Job Notification Forms\2022    22625 -\22997 Florida Power & Light.pdf
"S-1912, Boca TEECA      SNW Retrofit Adapters and Panel",23131,2100605805,6/21/2022,\\atlas2\E\public1\Sales Information\Job Notifications\Job Notification Forms\2022    22625 -\23131 Florida Power & Light.pdf
S-1908 Solar Site RTU:   Baltic Solar,23132,2100605808,6/21/2022,\\atlas2\E\public1\Sales Information\Job Notifications\Job Notification Forms\2022    22625 -\23132 Florida Power & Light.pdf
S-1921 Solar Site RTU:  Bluefield Solar,23133,2100605830,6/22/2022,\\atlas2\E\public1\Sales Information\Job Notifications\Job Notification Forms\2022    22625 -\23133 Florida Power & Light.pdf
"Roadrunner, PC-0293 -  IACS Communication Panel",23202,106602,6/27/2022,\\atlas2\E\public1\Sales Information\Job Notifications\Job Notification Forms\2022    22625 -\23202 KEMCO Industries.pdf
"International Paperr, PC-0294 -  IACS Communication Panel",23226,106829,6/21/2022,\\atlas2\E\public1\Sales Information\Job Notifications\Job Notification Forms\2022    22625 -\23226 KEMCO Industries.pdf
"S-1944, Hillsboro      SNW Retrofit Adapters and Panel",23244,2100608457,6/24/2022,\\atlas2\E\public1\Sales Information\Job Notifications\Job Notification Forms\2022    22625 -\23244 Florida Power & Light.pdf
"0-319-019-470 SNW Retrofit, S-1947, Ross",23250,2100608482,6/24/2022,\\atlas2\E\public1\Sales Information\Job Notifications\Job Notification Forms\2022    22625 -\23250 Florida Power & Light.pdf
"0-319-019-460 SNW Retrofit, S-1946, Westward",23251,2100608483,6/24/2022,\\atlas2\E\public1\Sales Information\Job Notifications\Job Notification Forms\2022    22625 -\23251 Florida Power & Light.pdf
